[{"model": "sessions.session", "pk": "04lyzp9ws0vkez3cck4kfn2t8jfthira", "fields": {"session_data": ".eJxVjMEOwiAQRP-FsyFLgWI9evcbyC67SNXQpLQn47_bJj3oZQ7z3sxbRVyXEtcmcxxZXVSnTr8dYXpK3QE_sN4nnaa6zCPpXdEHbfo2sbyuh_t3ULCVbR2yOG8YsgXDlHKPwKlzW6AVPoOX0NvkOBEgWWREAUfWBzMECkNQny8NdjjS:1uqPMo:wBq39uyQ4Kwhr93YQNhKQpMGx5raVgmrfKVYY_WGxd4", "expire_date": "2025-09-08T05:03:38.756Z"}}, {"model": "sessions.session", "pk": "0hdpzr2dcf4fphmspy6a3str4shjr34w", "fields": {"session_data": ".eJxVjMEOwiAQRP-FsyFLgWI9evcbyC67SNXQpLQn47_bJj3oZQ7z3sxbRVyXEtcmcxxZXVSnTr8dYXpK3QE_sN4nnaa6zCPpXdEHbfo2sbyuh_t3ULCVbR2yOG8YsgXDlHKPwKlzW6AVPoOX0NvkOBEgWWREAUfWBzMECkNQny8NdjjS:1uqPMp:iFII8sHHiM93H1Bzbqi_M8gz7C5sEOYer65NgU2khvw", "expire_date": "2025-09-08T05:03:39.059Z"}}, {"model": "sessions.session", "pk": "1ledsiix2l2jifyt9zuiy53y8owds6cu", "fields": {"session_data": ".eJxVjEEOwiAQRe_C2pAOQwfi0r1nIAMDUjU0Ke3KeHdt0oVu_3vvv1Tgba1h63kJk6izAnX63SKnR247kDu326zT3NZlinpX9EG7vs6Sn5fD_Tuo3Ou3TuIMRhMdFZMzeJtl8JxkGBGJClhgjk6ct4Rox2KpOPBYyAsKiKj3B-fUN9Y:1uqTW7:_fnwAKnClRctxku98zmTQmKhk7zZiPcD7GIn3lpirjc", "expire_date": "2025-09-08T09:29:31.520Z"}}, {"model": "sessions.session", "pk": "2z14j6tr0twsg4fzwj7tcuc3wb5ve63j", "fields": {"session_data": ".eJxVjEEOwiAQRe_C2hCHGSy4dO8ZyMCAVA1NSrsy3l2bdKHb_977LxV4XWpYe57DKOqsUB1-t8jpkdsG5M7tNuk0tWUeo94UvdOur5Pk52V3_w4q9_qti2DyhASDc2SdkAEHYAVtKWbI4ksmioZMMsBJ8FQ4J4l4hMggHtX7A9F3N_o:1uqSxm:XOjGio3eM7bazfvZ3th76qVTMT4wcfqSZIm8MoW_D4w", "expire_date": "2025-09-08T08:54:02.252Z"}}, {"model": "sessions.session", "pk": "30v816uisp4tdid5wgx3aawkya0pa8ip", "fields": {"session_data": ".eJxVjMEOwiAQRP-FsyFLgWI9evcbyC67SNXQpLQn47_bJj3oZQ7z3sxbRVyXEtcmcxxZXVSnTr8dYXpK3QE_sN4nnaa6zCPpXdEHbfo2sbyuh_t3ULCVbR2yOG8YsgXDlHKPwKlzW6AVPoOX0NvkOBEgWWREAUfWBzMECkNQny8NdjjS:1uqTAV:OgcOq9Eiyk2cjyDCSCW_nutNfAjXdDPV9mmVOQM2AHg", "expire_date": "2025-09-08T09:07:11.827Z"}}, {"model": "sessions.session", "pk": "3sca3njaui689fw7w1ls2pti5bri7oxj", "fields": {"session_data": ".eJxVjEEOwiAQRe_C2hCHGSy4dO8ZyMCAVA1NSrsy3l2bdKHb_977LxV4XWpYe57DKOqsUB1-t8jpkdsG5M7tNuk0tWUeo94UvdOur5Pk52V3_w4q9_qti2DyhASDc2SdkAEHYAVtKWbI4ksmioZMMsBJ8FQ4J4l4hMggHtX7A9F3N_o:1uqTA0:BjETeWDGcLujrVldY1kVJyk6kz-59GpUDzVyIt_xWjo", "expire_date": "2025-09-08T09:06:40.305Z"}}, {"model": "sessions.session", "pk": "3v9lhs3hkiplopvm9lrjhrb4jq5jws7m", "fields": {"session_data": ".eJxVjEEOwiAQRe_C2hCHGSy4dO8ZyMCAVA1NSrsy3l2bdKHb_977LxV4XWpYe57DKOqsUB1-t8jpkdsG5M7tNuk0tWUeo94UvdOur5Pk52V3_w4q9_qti2DyhASDc2SdkAEHYAVtKWbI4ksmioZMMsBJ8FQ4J4l4hMggHtX7A9F3N_o:1uqSxm:XOjGio3eM7bazfvZ3th76qVTMT4wcfqSZIm8MoW_D4w", "expire_date": "2025-09-08T08:54:02.182Z"}}, {"model": "sessions.session", "pk": "3z9yela46v6p61a4up4x79eyi2bv7mdz", "fields": {"session_data": ".eJxVjMEOwiAQRP-FsyFLgWI9evcbyC67SNXQpLQn47_bJj3oZQ7z3sxbRVyXEtcmcxxZXVSnTr8dYXpK3QE_sN4nnaa6zCPpXdEHbfo2sbyuh_t3ULCVbR2yOG8YsgXDlHKPwKlzW6AVPoOX0NvkOBEgWWREAUfWBzMECkNQny8NdjjS:1uoHi6:atGOs10nI2S_6j2ge6UiOSwlFuUWkkp9H1c6pygX6es", "expire_date": "2025-09-02T08:28:50.941Z"}}, {"model": "sessions.session", "pk": "4fb0a93bv8fmmetpc0vslq24ek498xa9", "fields": {"session_data": ".eJxVjEEOwiAQRe_C2pAOQwfi0r1nIAMDUjU0Ke3KeHdt0oVu_3vvv1Tgba1h63kJk6izAnX63SKnR247kDu326zT3NZlinpX9EG7vs6Sn5fD_Tuo3Ou3TuIMRhMdFZMzeJtl8JxkGBGJClhgjk6ct4Rox2KpOPBYyAsKiKj3B-fUN9Y:1uqlfg:wVE9Pyw6R5YYlWyHz6wLtJKW3pgMJUCkZqcTU3AIqpk", "expire_date": "2025-09-09T04:52:36.165Z"}}, {"model": "sessions.session", "pk": "5axei1rogf460x5ewo6zgaigviu330l4", "fields": {"session_data": ".eJxVjEEOwiAQRe_C2pAOQwfi0r1nIAMDUjU0Ke3KeHdt0oVu_3vvv1Tgba1h63kJk6izAnX63SKnR247kDu326zT3NZlinpX9EG7vs6Sn5fD_Tuo3Ou3TuIMRhMdFZMzeJtl8JxkGBGJClhgjk6ct4Rox2KpOPBYyAsKiKj3B-fUN9Y:1uqPFT:QokcyvSjKTsNgZXF1OWIM8nTqsRNdifP2uVXvEbpUng", "expire_date": "2025-09-08T04:56:03.016Z"}}, {"model": "sessions.session", "pk": "5q22i1vn5di9zklotbwbkkfzjmheh67p", "fields": {"session_data": ".eJxVjEEOwiAQRe_C2pAOQwfi0r1nIAMDUjU0Ke3KeHdt0oVu_3vvv1Tgba1h63kJk6izAnX63SKnR247kDu326zT3NZlinpX9EG7vs6Sn5fD_Tuo3Ou3TuIMRhMdFZMzeJtl8JxkGBGJClhgjk6ct4Rox2KpOPBYyAsKiKj3B-fUN9Y:1um8Fe:PynOb292yc5Z-nPsVTkrAUB_ZHlYiXfmgjHxpc-bsv4", "expire_date": "2025-08-27T09:58:34.287Z"}}, {"model": "sessions.session", "pk": "686ljkft0s9uvcvw199svzns61nezal7", "fields": {"session_data": ".eJxVjMsOwiAUBf-FtSFQuDxcuu83kMtLqgaS0q6M_y5NutDtzJzzJg73rbi9p9UtkVwJkMsv8xieqR4iPrDeGw2tbuvi6ZHQ03Y6t5het7P9OyjYy1gbYEZq0Il7naRiOeQgshITcmWZAa4AhJUywiRs0gPiSAXTzENGEcjnC7TTNr4:1upjsf:YmXnhQ0fgJMmZzyHMdcWwcdo9GtDdm1H-OG7PY-0OKc", "expire_date": "2025-09-06T08:45:45.820Z"}}, {"model": "sessions.session", "pk": "6j62oqbfle1pwwo4qogrjvdoyez6wi76", "fields": {"session_data": ".eJxVjEEOwiAQRe_C2pAOQwfi0r1nIAMDUjU0Ke3KeHdt0oVu_3vvv1Tgba1h63kJk6izAnX63SKnR247kDu326zT3NZlinpX9EG7vs6Sn5fD_Tuo3Ou3TuIMRhMdFZMzeJtl8JxkGBGJClhgjk6ct4Rox2KpOPBYyAsKiKj3B-fUN9Y:1upOBj:GDzaT7WkECpXtZqwrk8OpBLU9p_QAB2v9ptw3xaM0ww", "expire_date": "2025-09-05T09:35:59.515Z"}}, {"model": "sessions.session", "pk": "7guc5oy3sy0rrn9ng8snla0bfwduo2tw", "fields": {"session_data": ".eJxVjMEOwiAQRP-FsyFLgWI9evcbyC67SNXQpLQn47_bJj3oZQ7z3sxbRVyXEtcmcxxZXVSnTr8dYXpK3QE_sN4nnaa6zCPpXdEHbfo2sbyuh_t3ULCVbR2yOG8YsgXDlHKPwKlzW6AVPoOX0NvkOBEgWWREAUfWBzMECkNQny8NdjjS:1uqlch:B5kr46oyYpLaxAd-pghdFoGDmbVTV3HrL1-KTqWW80g", "expire_date": "2025-09-09T04:49:31.546Z"}}, {"model": "sessions.session", "pk": "7j0sp4xoozbzeubz50qajb7juw8i0djz", "fields": {"session_data": ".eJxVjEEOwiAQRe_C2hCHGSy4dO8ZyMCAVA1NSrsy3l2bdKHb_977LxV4XWpYe57DKOqsUB1-t8jpkdsG5M7tNuk0tWUeo94UvdOur5Pk52V3_w4q9_qti2DyhASDc2SdkAEHYAVtKWbI4ksmioZMMsBJ8FQ4J4l4hMggHtX7A9F3N_o:1uogfu:TtvNct8sxoRYNIKWZmEwPVCHP_psAD2_id15ZzI2K2o", "expire_date": "2025-09-03T11:08:14.114Z"}}, {"model": "sessions.session", "pk": "8gk6lg81av13xq2zjapzkqqe6v889gze", "fields": {"session_data": ".eJxVjEEOwiAQRe_C2hCHGSy4dO8ZyMCAVA1NSrsy3l2bdKHb_977LxV4XWpYe57DKOqsUB1-t8jpkdsG5M7tNuk0tWUeo94UvdOur5Pk52V3_w4q9_qti2DyhASDc2SdkAEHYAVtKWbI4ksmioZMMsBJ8FQ4J4l4hMggHtX7A9F3N_o:1uoHha:UUNVpay_2sYIVXWIVoHGRe96dDrGy_J5e9S8AWddcHo", "expire_date": "2025-09-02T08:28:18.146Z"}}, {"model": "sessions.session", "pk": "8ia7nhq32mz10sq6mibuu5ytpvz496vm", "fields": {"session_data": ".eJxVjMEOwiAQRP-FsyFLgWI9evcbyC67SNXQpLQn47_bJj3oZQ7z3sxbRVyXEtcmcxxZXVSnTr8dYXpK3QE_sN4nnaa6zCPpXdEHbfo2sbyuh_t3ULCVbR2yOG8YsgXDlHKPwKlzW6AVPoOX0NvkOBEgWWREAUfWBzMECkNQny8NdjjS:1utIvS:0bSHCO-CoJ3v9ocl_IMyHW0kUZ8A34ApP0Su3-Twgbg", "expire_date": "2025-09-16T04:47:22.260Z"}}, {"model": "sessions.session", "pk": "8sgdmivx5jmnq2e44u1hyvsduepq2eqa", "fields": {"session_data": ".eJxVjEEOwiAQRe_C2hCHGSy4dO8ZyMCAVA1NSrsy3l2bdKHb_977LxV4XWpYe57DKOqsUB1-t8jpkdsG5M7tNuk0tWUeo94UvdOur5Pk52V3_w4q9_qti2DyhASDc2SdkAEHYAVtKWbI4ksmioZMMsBJ8FQ4J4l4hMggHtX7A9F3N_o:1uqWzQ:3Dhq9pfTVodKC456FGlq6I4AkSDjGRNg96v9yo4hQms", "expire_date": "2025-09-08T13:12:00.735Z"}}, {"model": "sessions.session", "pk": "8wopmlmyu456xgjv5jzfplckcvcnkdv1", "fields": {"session_data": ".eJxVjEEOwiAQRe_C2pAOQwfi0r1nIAMDUjU0Ke3KeHdt0oVu_3vvv1Tgba1h63kJk6izAnX63SKnR247kDu326zT3NZlinpX9EG7vs6Sn5fD_Tuo3Ou3TuIMRhMdFZMzeJtl8JxkGBGJClhgjk6ct4Rox2KpOPBYyAsKiKj3B-fUN9Y:1uoFhS:WxQC2ISWPrfeiZBWVm-IB7UBWGat3HQP5NpEGd7q0PA", "expire_date": "2025-09-02T06:20:02.262Z"}}, {"model": "sessions.session", "pk": "962fs0ssnmqng6zbj1o5c8bivzhne9bs", "fields": {"session_data": ".eJxVjEEOwiAQRe_C2hCHGSy4dO8ZyMCAVA1NSrsy3l2bdKHb_977LxV4XWpYe57DKOqsUB1-t8jpkdsG5M7tNuk0tWUeo94UvdOur5Pk52V3_w4q9_qti2DyhASDc2SdkAEHYAVtKWbI4ksmioZMMsBJ8FQ4J4l4hMggHtX7A9F3N_o:1uoHha:UUNVpay_2sYIVXWIVoHGRe96dDrGy_J5e9S8AWddcHo", "expire_date": "2025-09-02T08:28:18.216Z"}}, {"model": "sessions.session", "pk": "9vozwxwltduk7yc4n8y8rq49l2mtt8fo", "fields": {"session_data": ".eJxVjEEOwiAQRe_C2pAOQwfi0r1nIAMDUjU0Ke3KeHdt0oVu_3vvv1Tgba1h63kJk6izAnX63SKnR247kDu326zT3NZlinpX9EG7vs6Sn5fD_Tuo3Ou3TuIMRhMdFZMzeJtl8JxkGBGJClhgjk6ct4Rox2KpOPBYyAsKiKj3B-fUN9Y:1uqTW7:_fnwAKnClRctxku98zmTQmKhk7zZiPcD7GIn3lpirjc", "expire_date": "2025-09-08T09:29:31.721Z"}}, {"model": "sessions.session", "pk": "bmybz2dypjqhuzf9auzmez0imap6og4z", "fields": {"session_data": ".eJxVjEEOwiAQRe_C2pAOQwfi0r1nIAMDUjU0Ke3KeHdt0oVu_3vvv1Tgba1h63kJk6izAnX63SKnR247kDu326zT3NZlinpX9EG7vs6Sn5fD_Tuo3Ou3TuIMRhMdFZMzeJtl8JxkGBGJClhgjk6ct4Rox2KpOPBYyAsKiKj3B-fUN9Y:1um8sP:8JqqClli5ixhzUW-61QU-LqmVYxM0Jz8t7dwMoVzvg4", "expire_date": "2025-08-27T10:38:37.554Z"}}, {"model": "sessions.session", "pk": "bo76y9fqvby3ygksm4tiz4au4d9okqv0", "fields": {"session_data": ".eJxVjMEOwiAQRP-FsyFLgWI9evcbyC67SNXQpLQn47_bJj3oZQ7z3sxbRVyXEtcmcxxZXVSnTr8dYXpK3QE_sN4nnaa6zCPpXdEHbfo2sbyuh_t3ULCVbR2yOG8YsgXDlHKPwKlzW6AVPoOX0NvkOBEgWWREAUfWBzMECkNQny8NdjjS:1uqTAV:OgcOq9Eiyk2cjyDCSCW_nutNfAjXdDPV9mmVOQM2AHg", "expire_date": "2025-09-08T09:07:11.458Z"}}, {"model": "sessions.session", "pk": "dqhgs28f5u48b3rdnq2ubunt0crzg9kq", "fields": {"session_data": ".eJxVjEEOwiAQRe_C2pAOQwfi0r1nIAMDUjU0Ke3KeHdt0oVu_3vvv1Tgba1h63kJk6izAnX63SKnR247kDu326zT3NZlinpX9EG7vs6Sn5fD_Tuo3Ou3TuIMRhMdFZMzeJtl8JxkGBGJClhgjk6ct4Rox2KpOPBYyAsKiKj3B-fUN9Y:1utJm3:Y0012zj0koEsA28CgNqYlIByfgJXat9KmxERDZd9bi4", "expire_date": "2025-09-16T05:41:43.058Z"}}, {"model": "sessions.session", "pk": "e57w30kyw4msetg1ebgw34hufcjsslje", "fields": {"session_data": ".eJxVjEEOwiAQRe_C2pAOQwfi0r1nIAMDUjU0Ke3KeHdt0oVu_3vvv1Tgba1h63kJk6izAnX63SKnR247kDu326zT3NZlinpX9EG7vs6Sn5fD_Tuo3Ou3TuIMRhMdFZMzeJtl8JxkGBGJClhgjk6ct4Rox2KpOPBYyAsKiKj3B-fUN9Y:1up2Cu:MnQ6t9K05JA_L4bgip92kPUx6Ga8lMPfv3SVTs6nbxg", "expire_date": "2025-09-04T10:07:44.493Z"}}, {"model": "sessions.session", "pk": "ebpl82xxbct9lpq04xlkck6652jy5f99", "fields": {"session_data": ".eJxVjEEOwiAQRe_C2hCHGSy4dO8ZyMCAVA1NSrsy3l2bdKHb_977LxV4XWpYe57DKOqsUB1-t8jpkdsG5M7tNuk0tWUeo94UvdOur5Pk52V3_w4q9_qti2DyhASDc2SdkAEHYAVtKWbI4ksmioZMMsBJ8FQ4J4l4hMggHtX7A9F3N_o:1umPrg:8WXtboaAsHgHEtRDxzYCEhIhPZ7tSKlJ1r9Bci3A814", "expire_date": "2025-08-28T04:47:00.797Z"}}, {"model": "sessions.session", "pk": "ee4oildelcw2s00mep69rmgu4jkk4s4u", "fields": {"session_data": ".eJxVjEEOwiAQRe_C2pAOQwfi0r1nIAMDUjU0Ke3KeHdt0oVu_3vvv1Tgba1h63kJk6izAnX63SKnR247kDu326zT3NZlinpX9EG7vs6Sn5fD_Tuo3Ou3TuIMRhMdFZMzeJtl8JxkGBGJClhgjk6ct4Rox2KpOPBYyAsKiKj3B-fUN9Y:1um8Fe:PynOb292yc5Z-nPsVTkrAUB_ZHlYiXfmgjHxpc-bsv4", "expire_date": "2025-08-27T09:58:34.337Z"}}, {"model": "sessions.session", "pk": "ef8acs9mbiybwof7t6qevrfo5bvj1i14", "fields": {"session_data": ".eJxVjEEOwiAQRe_C2pAOQwfi0r1nIAMDUjU0Ke3KeHdt0oVu_3vvv1Tgba1h63kJk6izAnX63SKnR247kDu326zT3NZlinpX9EG7vs6Sn5fD_Tuo3Ou3TuIMRhMdFZMzeJtl8JxkGBGJClhgjk6ct4Rox2KpOPBYyAsKiKj3B-fUN9Y:1up2Cu:MnQ6t9K05JA_L4bgip92kPUx6Ga8lMPfv3SVTs6nbxg", "expire_date": "2025-09-04T10:07:44.738Z"}}, {"model": "sessions.session", "pk": "g3j1w9mkoyr9cvpt10z1tkjqyvby3gl3", "fields": {"session_data": ".eJxVjEEOwiAQRe_C2hCHGSy4dO8ZyMCAVA1NSrsy3l2bdKHb_977LxV4XWpYe57DKOqsUB1-t8jpkdsG5M7tNuk0tWUeo94UvdOur5Pk52V3_w4q9_qti2DyhASDc2SdkAEHYAVtKWbI4ksmioZMMsBJ8FQ4J4l4hMggHtX7A9F3N_o:1uqT9z:RGcHP1BhOc-LXrwWPjnlMPLlKRWsRll9hydUMBc0EjM", "expire_date": "2025-09-08T09:06:39.986Z"}}, {"model": "sessions.session", "pk": "gbmg8d95gstesttqs8y4ec611u4d6s2e", "fields": {"session_data": ".eJxVjMEOwiAQRP-FsyFLgWI9evcbyC67SNXQpLQn47_bJj3oZQ7z3sxbRVyXEtcmcxxZXVSnTr8dYXpK3QE_sN4nnaa6zCPpXdEHbfo2sbyuh_t3ULCVbR2yOG8YsgXDlHKPwKlzW6AVPoOX0NvkOBEgWWREAUfWBzMECkNQny8NdjjS:1vFopf:fir1PMQfUGohNHDlssQy9g5FjlO37YliYApS2HOqygY", "expire_date": "2025-11-17T07:18:27.562Z"}}, {"model": "sessions.session", "pk": "gdcuk9nnhhdn5ajgee5w8jztu4yt6lkc", "fields": {"session_data": ".eJxVjEEOwiAQRe_C2hCHGSy4dO8ZyMCAVA1NSrsy3l2bdKHb_977LxV4XWpYe57DKOqsUB1-t8jpkdsG5M7tNuk0tWUeo94UvdOur5Pk52V3_w4q9_qti2DyhASDc2SdkAEHYAVtKWbI4ksmioZMMsBJ8FQ4J4l4hMggHtX7A9F3N_o:1umPrg:8WXtboaAsHgHEtRDxzYCEhIhPZ7tSKlJ1r9Bci3A814", "expire_date": "2025-08-28T04:47:00.591Z"}}, {"model": "sessions.session", "pk": "gfjqjxog3lfeh2htp4tgd51kxcdmsez8", "fields": {"session_data": ".eJxVjEEOwiAQRe_C2hCHGSy4dO8ZyMCAVA1NSrsy3l2bdKHb_977LxV4XWpYe57DKOqsUB1-t8jpkdsG5M7tNuk0tWUeo94UvdOur5Pk52V3_w4q9_qti2DyhASDc2SdkAEHYAVtKWbI4ksmioZMMsBJ8FQ4J4l4hMggHtX7A9F3N_o:1uoJaM:ncUeD5M6qjX4aAlMATD3C2dRuIjNtwMHwNYISGkwZqE", "expire_date": "2025-09-02T10:28:58.683Z"}}, {"model": "sessions.session", "pk": "gtsjzhio1vd4at6bk4pdk6kyjqs41xfm", "fields": {"session_data": ".eJxVjEEOwiAQRe_C2pAOQwfi0r1nIAMDUjU0Ke3KeHdt0oVu_3vvv1Tgba1h63kJk6izAnX63SKnR247kDu326zT3NZlinpX9EG7vs6Sn5fD_Tuo3Ou3TuIMRhMdFZMzeJtl8JxkGBGJClhgjk6ct4Rox2KpOPBYyAsKiKj3B-fUN9Y:1uqlfg:wVE9Pyw6R5YYlWyHz6wLtJKW3pgMJUCkZqcTU3AIqpk", "expire_date": "2025-09-09T04:52:36.339Z"}}, {"model": "sessions.session", "pk": "gxlahievqwhkz0nivkd7jves4x8z4kxf", "fields": {"session_data": ".eJxVjMEOwiAQRP-FsyFLgWI9evcbyC67SNXQpLQn47_bJj3oZQ7z3sxbRVyXEtcmcxxZXVSnTr8dYXpK3QE_sN4nnaa6zCPpXdEHbfo2sbyuh_t3ULCVbR2yOG8YsgXDlHKPwKlzW6AVPoOX0NvkOBEgWWREAUfWBzMECkNQny8NdjjS:1uqPMo:wBq39uyQ4Kwhr93YQNhKQpMGx5raVgmrfKVYY_WGxd4", "expire_date": "2025-09-08T05:03:38.915Z"}}, {"model": "sessions.session", "pk": "h4xa0fi9y95hrv0jp8suywdz4a70sqc4", "fields": {"session_data": ".eJxVjEEOwiAQRe_C2hCHGSy4dO8ZyMCAVA1NSrsy3l2bdKHb_977LxV4XWpYe57DKOqsUB1-t8jpkdsG5M7tNuk0tWUeo94UvdOur5Pk52V3_w4q9_qti2DyhASDc2SdkAEHYAVtKWbI4ksmioZMMsBJ8FQ4J4l4hMggHtX7A9F3N_o:1up1Nk:ipecL--aaM9pcBFY79Z4mHfy5CxPqWFR5RfSBCuy3Sc", "expire_date": "2025-09-04T09:14:52.516Z"}}, {"model": "sessions.session", "pk": "h7gr70z2xi8cui03feqp0o8p0hm9fzbh", "fields": {"session_data": ".eJxVjEEOwiAQRe_C2hCHGSy4dO8ZyMCAVA1NSrsy3l2bdKHb_977LxV4XWpYe57DKOqsUB1-t8jpkdsG5M7tNuk0tWUeo94UvdOur5Pk52V3_w4q9_qti2DyhASDc2SdkAEHYAVtKWbI4ksmioZMMsBJ8FQ4J4l4hMggHtX7A9F3N_o:1up2PH:0l2yKPbLPQUttBvTjZ00VgrRveO2Qd3Phbo4QFAPy-A", "expire_date": "2025-09-04T10:20:31.865Z"}}, {"model": "sessions.session", "pk": "h7p5sovobs9grrqyu7xy6q75pnthbd2y", "fields": {"session_data": ".eJxVjMEOwiAQRP-FsyFLgWI9evcbyC67SNXQpLQn47_bJj3oZQ7z3sxbRVyXEtcmcxxZXVSnTr8dYXpK3QE_sN4nnaa6zCPpXdEHbfo2sbyuh_t3ULCVbR2yOG8YsgXDlHKPwKlzW6AVPoOX0NvkOBEgWWREAUfWBzMECkNQny8NdjjS:1uqTAW:f_Hw60HDbrVHdJ34CFACjL8qKK-VWyE-Qg4H6o-3gsE", "expire_date": "2025-09-08T09:07:12.121Z"}}, {"model": "sessions.session", "pk": "hc8pgyhzjl6ypuh6x73wudnuu86clx1a", "fields": {"session_data": ".eJxVjMEOwiAQRP-FsyFLgWI9evcbyC67SNXQpLQn47_bJj3oZQ7z3sxbRVyXEtcmcxxZXVSnTr8dYXpK3QE_sN4nnaa6zCPpXdEHbfo2sbyuh_t3ULCVbR2yOG8YsgXDlHKPwKlzW6AVPoOX0NvkOBEgWWREAUfWBzMECkNQny8NdjjS:1uqlch:B5kr46oyYpLaxAd-pghdFoGDmbVTV3HrL1-KTqWW80g", "expire_date": "2025-09-09T04:49:31.033Z"}}, {"model": "sessions.session", "pk": "i6uenrdajxhl0lvos6z5i8ob9rcxhg7h", "fields": {"session_data": ".eJxVjEEOwiAQRe_C2pAOQwfi0r1nIAMDUjU0Ke3KeHdt0oVu_3vvv1Tgba1h63kJk6izAnX63SKnR247kDu326zT3NZlinpX9EG7vs6Sn5fD_Tuo3Ou3TuIMRhMdFZMzeJtl8JxkGBGJClhgjk6ct4Rox2KpOPBYyAsKiKj3B-fUN9Y:1uoz5d:4-i9rhFzEx1x8K5N2RvObS3IA71thCe0IppLRz6-XDQ", "expire_date": "2025-09-04T06:48:01.685Z"}}, {"model": "sessions.session", "pk": "i8c5qfh1zea66zfx1cqabwxz44w348qi", "fields": {"session_data": ".eJxVjEEOwiAQRe_C2hCHGSy4dO8ZyMCAVA1NSrsy3l2bdKHb_977LxV4XWpYe57DKOqsUB1-t8jpkdsG5M7tNuk0tWUeo94UvdOur5Pk52V3_w4q9_qti2DyhASDc2SdkAEHYAVtKWbI4ksmioZMMsBJ8FQ4J4l4hMggHtX7A9F3N_o:1upLOB:rxUxKGmdRVclyXGzAW18LCfyQB7lOOKvH0spYorrwVc", "expire_date": "2025-09-05T06:36:39.031Z"}}, {"model": "sessions.session", "pk": "ii7lxrj25j4xfaek4y6ylzghs2dh5z8x", "fields": {"session_data": ".eJxVjEEOwiAQRe_C2hCHGSy4dO8ZyMCAVA1NSrsy3l2bdKHb_977LxV4XWpYe57DKOqsUB1-t8jpkdsG5M7tNuk0tWUeo94UvdOur5Pk52V3_w4q9_qti2DyhASDc2SdkAEHYAVtKWbI4ksmioZMMsBJ8FQ4J4l4hMggHtX7A9F3N_o:1umRUb:ETSlHhvwRcUWAiKY65XouetTnPpBkEpvbHmoiufadOk", "expire_date": "2025-08-28T06:31:17.858Z"}}, {"model": "sessions.session", "pk": "j5elc3aes6ucif6l9t5pvzwzpgo1lyrh", "fields": {"session_data": ".eJxVjEEOwiAQRe_C2pAOQwfi0r1nIAMDUjU0Ke3KeHdt0oVu_3vvv1Tgba1h63kJk6izAnX63SKnR247kDu326zT3NZlinpX9EG7vs6Sn5fD_Tuo3Ou3TuIMRhMdFZMzeJtl8JxkGBGJClhgjk6ct4Rox2KpOPBYyAsKiKj3B-fUN9Y:1up420:vRNyN3H5qlNrylRfB0SHaPAGqUdoh6GYOeGh7NoO8Dk", "expire_date": "2025-09-04T12:04:36.541Z"}}, {"model": "sessions.session", "pk": "kbj6ck1akzstafdywnsulegiyg0hzoqj", "fields": {"session_data": ".eJxVjEEOwiAQRe_C2pAOQwfi0r1nIAMDUjU0Ke3KeHdt0oVu_3vvv1Tgba1h63kJk6izAnX63SKnR247kDu326zT3NZlinpX9EG7vs6Sn5fD_Tuo3Ou3TuIMRhMdFZMzeJtl8JxkGBGJClhgjk6ct4Rox2KpOPBYyAsKiKj3B-fUN9Y:1um8AV:4JPoofVlOtyJ9wTZF5SmPrYwmZ0V8gV3UtL1r1gbGbI", "expire_date": "2025-08-27T09:53:15.666Z"}}, {"model": "sessions.session", "pk": "khx7xm0zl45p6re7gmr3hy7i5fgk1z7h", "fields": {"session_data": ".eJxVjEEOwiAQRe_C2pAOQwfi0r1nIAMDUjU0Ke3KeHdt0oVu_3vvv1Tgba1h63kJk6izAnX63SKnR247kDu326zT3NZlinpX9EG7vs6Sn5fD_Tuo3Ou3TuIMRhMdFZMzeJtl8JxkGBGJClhgjk6ct4Rox2KpOPBYyAsKiKj3B-fUN9Y:1uqWI0:TXJVBpn2kKD8Z1KE9o6MO4iK6u3pmVXCzM-kwMm_hGo", "expire_date": "2025-09-08T12:27:08.675Z"}}, {"model": "sessions.session", "pk": "la7rl7l05bhffs515rwtfwekgdxf6eat", "fields": {"session_data": ".eJxVjEEOwiAQRe_C2hBGYRxcuu8ZCDOAVA1NSrsy3l2bdKHb_977LxXiutSw9jyHMamLQnX43TjKI7cNpHtst0nL1JZ5ZL0peqddD1PKz-vu_h3U2Ou3PlrOUjgVQ56yB4RzYaTEHgEsk2SH7E7GE4kRjgwWIIovlpxDw-r9AfoCOA4:1vWpD9:VfgkDH0m3sBegGT7x525o20Rae5sUhdXoy92g-nstvQ", "expire_date": "2026-01-03T05:08:59.803Z"}}, {"model": "sessions.session", "pk": "m941xfqxmj53vbvtxwmulsu570hio1qx", "fields": {"session_data": ".eJxVjEEOwiAQRe_C2hCHGSy4dO8ZyMCAVA1NSrsy3l2bdKHb_977LxV4XWpYe57DKOqsUB1-t8jpkdsG5M7tNuk0tWUeo94UvdOur5Pk52V3_w4q9_qti2DyhASDc2SdkAEHYAVtKWbI4ksmioZMMsBJ8FQ4J4l4hMggHtX7A9F3N_o:1um8Gp:cPPRe7gSmpo2hLOFhr-NiM7NKXF9brjGS8Y6x1hvBk0", "expire_date": "2025-08-27T09:59:47.706Z"}}, {"model": "sessions.session", "pk": "mgbp7hjbsh9gl7ndya8uald8jmtknj7s", "fields": {"session_data": ".eJxVjMEOwiAQRP-FsyFLgWI9evcbyC67SNXQpLQn47_bJj3oZQ7z3sxbRVyXEtcmcxxZXVSnTr8dYXpK3QE_sN4nnaa6zCPpXdEHbfo2sbyuh_t3ULCVbR2yOG8YsgXDlHKPwKlzW6AVPoOX0NvkOBEgWWREAUfWBzMECkNQny8NdjjS:1up1UZ:iQ7NzNtmXJgd70DdoDk7fjYsTBwSTu6GtPnc4y7gUSc", "expire_date": "2025-09-04T09:21:55.312Z"}}, {"model": "sessions.session", "pk": "mlsdt9gn3jye2dyi7qd8kx93u8mhzoec", "fields": {"session_data": ".eJxVjMEOwiAQRP-FsyFLgWI9evcbyC67SNXQpLQn47_bJj3oZQ7z3sxbRVyXEtcmcxxZXVSnTr8dYXpK3QE_sN4nnaa6zCPpXdEHbfo2sbyuh_t3ULCVbR2yOG8YsgXDlHKPwKlzW6AVPoOX0NvkOBEgWWREAUfWBzMECkNQny8NdjjS:1vEoau:YK8GZcuWO25JRvIDQvZnOR_hdD_ZB2YqsQSGYJjL2YI", "expire_date": "2025-11-14T12:51:04.255Z"}}, {"model": "sessions.session", "pk": "nr8ueg2kqw8h84oalzt9a8r7omjwdkku", "fields": {"session_data": ".eJxVjEEOwiAQRe_C2pAOQwfi0r1nIAMDUjU0Ke3KeHdt0oVu_3vvv1Tgba1h63kJk6izAnX63SKnR247kDu326zT3NZlinpX9EG7vs6Sn5fD_Tuo3Ou3TuIMRhMdFZMzeJtl8JxkGBGJClhgjk6ct4Rox2KpOPBYyAsKiKj3B-fUN9Y:1utJm2:SafbhWP9YjGsSzmLcst6P6eFPclSOBpzS8j4aeV8Pso", "expire_date": "2025-09-16T05:41:42.831Z"}}, {"model": "sessions.session", "pk": "p5kzvqb7fnlxg5rjacm8hcf3r3313ik1", "fields": {"session_data": ".eJxVjEEOwiAQRe_C2pAOQwfi0r1nIAMDUjU0Ke3KeHdt0oVu_3vvv1Tgba1h63kJk6izAnX63SKnR247kDu326zT3NZlinpX9EG7vs6Sn5fD_Tuo3Ou3TuIMRhMdFZMzeJtl8JxkGBGJClhgjk6ct4Rox2KpOPBYyAsKiKj3B-fUN9Y:1uqT8d:e70-Z_iwgzFWf-6e-KxDf5RAUybiZmAlD7vLIYmqFjE", "expire_date": "2025-09-08T09:05:15.671Z"}}, {"model": "sessions.session", "pk": "pi9zm27ziva69hazuj4x7wfo7ookxrm5", "fields": {"session_data": ".eJxVjEEOwiAQRe_C2pAOQwfi0r1nIAMDUjU0Ke3KeHdt0oVu_3vvv1Tgba1h63kJk6izAnX63SKnR247kDu326zT3NZlinpX9EG7vs6Sn5fD_Tuo3Ou3TuIMRhMdFZMzeJtl8JxkGBGJClhgjk6ct4Rox2KpOPBYyAsKiKj3B-fUN9Y:1upOBj:GDzaT7WkECpXtZqwrk8OpBLU9p_QAB2v9ptw3xaM0ww", "expire_date": "2025-09-05T09:35:59.345Z"}}, {"model": "sessions.session", "pk": "q3jja6xhyye3gicjflqnenvj9y2c3q48", "fields": {"session_data": ".eJxVjMEOwiAQRP-FsyFLgWI9evcbyC67SNXQpLQn47_bJj3oZQ7z3sxbRVyXEtcmcxxZXVSnTr8dYXpK3QE_sN4nnaa6zCPpXdEHbfo2sbyuh_t3ULCVbR2yOG8YsgXDlHKPwKlzW6AVPoOX0NvkOBEgWWREAUfWBzMECkNQny8NdjjS:1vYHHP:_SJnkoGTOIzHHiWTG5g6y0spposBVYJf1YTDP_zDajc", "expire_date": "2026-01-07T05:19:23.593Z"}}, {"model": "sessions.session", "pk": "qyazmgn6fczwcnnhwqhqn1z2cffwin5m", "fields": {"session_data": ".eJxVjMEOwiAQRP-FsyFLgWI9evcbyC67SNXQpLQn47_bJj3oZQ7z3sxbRVyXEtcmcxxZXVSnTr8dYXpK3QE_sN4nnaa6zCPpXdEHbfo2sbyuh_t3ULCVbR2yOG8YsgXDlHKPwKlzW6AVPoOX0NvkOBEgWWREAUfWBzMECkNQny8NdjjS:1uoHir:XY53VHZzpdU6C4EpUUvAKSviRMfpSHoS09d0ix6Qubw", "expire_date": "2025-09-02T08:29:37.500Z"}}, {"model": "sessions.session", "pk": "rncixzcichiuzngil7910kk85k6etnbm", "fields": {"session_data": ".eJxVjEEOwiAQRe_C2pAOQwfi0r1nIAMDUjU0Ke3KeHdt0oVu_3vvv1Tgba1h63kJk6izAnX63SKnR247kDu326zT3NZlinpX9EG7vs6Sn5fD_Tuo3Ou3TuIMRhMdFZMzeJtl8JxkGBGJClhgjk6ct4Rox2KpOPBYyAsKiKj3B-fUN9Y:1upOBj:GDzaT7WkECpXtZqwrk8OpBLU9p_QAB2v9ptw3xaM0ww", "expire_date": "2025-09-05T09:35:59.741Z"}}, {"model": "sessions.session", "pk": "sc0lmxgs390odl1312pnasmlc2f2uj7l", "fields": {"session_data": ".eJxVjEEOwiAQRe_C2hCHGSy4dO8ZyMCAVA1NSrsy3l2bdKHb_977LxV4XWpYe57DKOqsUB1-t8jpkdsG5M7tNuk0tWUeo94UvdOur5Pk52V3_w4q9_qti2DyhASDc2SdkAEHYAVtKWbI4ksmioZMMsBJ8FQ4J4l4hMggHtX7A9F3N_o:1uqTA0:BjETeWDGcLujrVldY1kVJyk6kz-59GpUDzVyIt_xWjo", "expire_date": "2025-09-08T09:06:40.145Z"}}, {"model": "sessions.session", "pk": "tp8zm9o5pjw2f61nkd347qf6bguyackw", "fields": {"session_data": ".eJxVjEEOwiAQRe_C2hCHGSy4dO8ZyMCAVA1NSrsy3l2bdKHb_977LxV4XWpYe57DKOqsUB1-t8jpkdsG5M7tNuk0tWUeo94UvdOur5Pk52V3_w4q9_qti2DyhASDc2SdkAEHYAVtKWbI4ksmioZMMsBJ8FQ4J4l4hMggHtX7A9F3N_o:1up2PH:0l2yKPbLPQUttBvTjZ00VgrRveO2Qd3Phbo4QFAPy-A", "expire_date": "2025-09-04T10:20:31.578Z"}}, {"model": "sessions.session", "pk": "vfqqb7s8ybuapfjb3xl8x83r32d10pq4", "fields": {"session_data": ".eJxVjEEOwiAQRe_C2pAOQwfi0r1nIAMDUjU0Ke3KeHdt0oVu_3vvv1Tgba1h63kJk6izAnX63SKnR247kDu326zT3NZlinpX9EG7vs6Sn5fD_Tuo3Ou3TuIMRhMdFZMzeJtl8JxkGBGJClhgjk6ct4Rox2KpOPBYyAsKiKj3B-fUN9Y:1uoHiI:yYa1ypaocflEjrPGwLm0-O6_llKrIJnztY4FwiXxDhw", "expire_date": "2025-09-02T08:29:02.983Z"}}, {"model": "sessions.session", "pk": "vkmwjb4rphvgbk974assfbs4qeqry85n", "fields": {"session_data": ".eJxVjMEOwiAQRP-FsyFLgWI9evcbyC67SNXQpLQn47_bJj3oZQ7z3sxbRVyXEtcmcxxZXVSnTr8dYXpK3QE_sN4nnaa6zCPpXdEHbfo2sbyuh_t3ULCVbR2yOG8YsgXDlHKPwKlzW6AVPoOX0NvkOBEgWWREAUfWBzMECkNQny8NdjjS:1utIvS:0bSHCO-CoJ3v9ocl_IMyHW0kUZ8A34ApP0Su3-Twgbg", "expire_date": "2025-09-16T04:47:22.004Z"}}, {"model": "sessions.session", "pk": "vlvei19y3m8agkltkfcymo4tzmqd9kgn", "fields": {"session_data": ".eJxVjMEOwiAQRP-FsyFLgWI9evcbyC67SNXQpLQn47_bJj3oZQ7z3sxbRVyXEtcmcxxZXVSnTr8dYXpK3QE_sN4nnaa6zCPpXdEHbfo2sbyuh_t3ULCVbR2yOG8YsgXDlHKPwKlzW6AVPoOX0NvkOBEgWWREAUfWBzMECkNQny8NdjjS:1uqT7z:Br3Qxvu_DR-Pm0ZkGf1It69QNdbI-g2ojvj8SyejK5g", "expire_date": "2025-09-08T09:04:35.057Z"}}, {"model": "sessions.session", "pk": "vypf52c5u1awtkwgmyrvflpddxb4uz86", "fields": {"session_data": ".eJxVjEEOwiAQRe_C2pAOQwfi0r1nIAMDUjU0Ke3KeHdt0oVu_3vvv1Tgba1h63kJk6izAnX63SKnR247kDu326zT3NZlinpX9EG7vs6Sn5fD_Tuo3Ou3TuIMRhMdFZMzeJtl8JxkGBGJClhgjk6ct4Rox2KpOPBYyAsKiKj3B-fUN9Y:1uqlfg:wVE9Pyw6R5YYlWyHz6wLtJKW3pgMJUCkZqcTU3AIqpk", "expire_date": "2025-09-09T04:52:36.049Z"}}, {"model": "sessions.session", "pk": "witv28k5l3c6pnuy1e3og8xmshn32v2f", "fields": {"session_data": ".eJxVjMEOwiAQRP-FsyFLgWI9evcbyC67SNXQpLQn47_bJj3oZQ7z3sxbRVyXEtcmcxxZXVSnTr8dYXpK3QE_sN4nnaa6zCPpXdEHbfo2sbyuh_t3ULCVbR2yOG8YsgXDlHKPwKlzW6AVPoOX0NvkOBEgWWREAUfWBzMECkNQny8NdjjS:1up1UZ:iQ7NzNtmXJgd70DdoDk7fjYsTBwSTu6GtPnc4y7gUSc", "expire_date": "2025-09-04T09:21:55.432Z"}}, {"model": "sessions.session", "pk": "wqc9b0u9qf41vzac1txmmu9m1jw0unv1", "fields": {"session_data": ".eJxVjMsOwiAUBf-FtSFQuDxcuu83kMtLqgaS0q6M_y5NutDtzJzzJg73rbi9p9UtkVwJkMsv8xieqR4iPrDeGw2tbuvi6ZHQ03Y6t5het7P9OyjYy1gbYEZq0Il7naRiOeQgshITcmWZAa4AhJUywiRs0gPiSAXTzENGEcjnC7TTNr4:1upjsg:63TlULqZuSvJhSNSQBh2t-e9HoxnJps8a_TxgNE_BKY", "expire_date": "2025-09-06T08:45:46.030Z"}}, {"model": "sessions.session", "pk": "xk50hputgfupe2sar3y38ocm8202g1c7", "fields": {"session_data": ".eJxVjMEOwiAQRP-FsyFLgWI9evcbyC67SNXQpLQn47_bJj3oZQ7z3sxbRVyXEtcmcxxZXVSnTr8dYXpK3QE_sN4nnaa6zCPpXdEHbfo2sbyuh_t3ULCVbR2yOG8YsgXDlHKPwKlzW6AVPoOX0NvkOBEgWWREAUfWBzMECkNQny8NdjjS:1utIvR:aJjhCUWmkEPtmdsdyJoXCfxuWsIASNQDvyH1latVCBs", "expire_date": "2025-09-16T04:47:21.788Z"}}, {"model": "sessions.session", "pk": "yi64jwtdcuyhf45wetlp4fib2v77j4li", "fields": {"session_data": ".eJxVjEEOwiAQRe_C2hCHGSy4dO8ZyMCAVA1NSrsy3l2bdKHb_977LxV4XWpYe57DKOqsUB1-t8jpkdsG5M7tNuk0tWUeo94UvdOur5Pk52V3_w4q9_qti2DyhASDc2SdkAEHYAVtKWbI4ksmioZMMsBJ8FQ4J4l4hMggHtX7A9F3N_o:1um8Em:gPODIbNwfMSMtz9pot49Pisp9COGE39bjZY3VPFMNOw", "expire_date": "2025-08-27T09:57:40.657Z"}}, {"model": "sessions.session", "pk": "ym37ztv64uhqp13kp5r5nkl4yzksolun", "fields": {"session_data": ".eJxVjEEOwiAQRe_C2pAOQwfi0r1nIAMDUjU0Ke3KeHdt0oVu_3vvv1Tgba1h63kJk6izAnX63SKnR247kDu326zT3NZlinpX9EG7vs6Sn5fD_Tuo3Ou3TuIMRhMdFZMzeJtl8JxkGBGJClhgjk6ct4Rox2KpOPBYyAsKiKj3B-fUN9Y:1up2Cu:MnQ6t9K05JA_L4bgip92kPUx6Ga8lMPfv3SVTs6nbxg", "expire_date": "2025-09-04T10:07:44.905Z"}}, {"model": "sessions.session", "pk": "yqrf4xreko7fp9efetwl7wfw1za0b2h8", "fields": {"session_data": ".eJxVjMEOwiAQRP-FsyFLgWI9evcbyC67SNXQpLQn47_bJj3oZQ7z3sxbRVyXEtcmcxxZXVSnTr8dYXpK3QE_sN4nnaa6zCPpXdEHbfo2sbyuh_t3ULCVbR2yOG8YsgXDlHKPwKlzW6AVPoOX0NvkOBEgWWREAUfWBzMECkNQny8NdjjS:1upLeK:syAso3QhPZB6H7aV4oBudPqszneHNTfdtmxHLBnSVDg", "expire_date": "2025-09-05T06:53:20.063Z"}}, {"model": "sessions.session", "pk": "zkvzyllxj1tvixkb66mhihvwlk57hn2l", "fields": {"session_data": ".eJxVjEEOwiAQRe_C2pAOQwfi0r1nIAMDUjU0Ke3KeHdt0oVu_3vvv1Tgba1h63kJk6izAnX63SKnR247kDu326zT3NZlinpX9EG7vs6Sn5fD_Tuo3Ou3TuIMRhMdFZMzeJtl8JxkGBGJClhgjk6ct4Rox2KpOPBYyAsKiKj3B-fUN9Y:1up2Cu:MnQ6t9K05JA_L4bgip92kPUx6Ga8lMPfv3SVTs6nbxg", "expire_date": "2025-09-04T10:07:44.564Z"}}, {"model": "pharmacy.user", "fields": {"password": "pbkdf2_sha256$1000000$i7i1ZPr2fD4lIhT3RhXOPc$EYbO12+G32WtB22ITD63B0+hVeGpj+1/xpWjlZCGW+E=", "last_login": "2025-12-24T05:18:43.188Z", "is_superuser": true, "is_staff": true, "is_active": true, "date_joined": "2025-08-13T06:23:17Z", "email": "apollo@gmail.com", "profile_image": "", "mobile_number": null, "first_name": "APOLLO", "last_name": "HOSPITALS", "is_doctor": false, "is_patient": false, "is_clinic": false, "groups": [], "user_permissions": []}}, {"model": "pharmacy.user", "fields": {"password": "pbkdf2_sha256$1000000$9UVtv4hyDTTgAg3Oh5RcTS$LL2HJ6RBBZrlNwiIDuxpOZdmZTec+GUeA9vqWHw19sY=", "last_login": "2025-12-24T05:19:23.575Z", "is_superuser": false, "is_staff": true, "is_active": true, "date_joined": "2025-08-13T09:26:51.929Z", "email": "dk967427@gmail.com", "profile_image": "", "mobile_number": null, "first_name": "DINESH", "last_name": "KUMAR", "is_doctor": true, "is_patient": false, "is_clinic": false, "groups": [], "user_permissions": []}}, {"model": "pharmacy.user", "fields": {"password": "pbkdf2_sha256$1000000$aWSr5rKZtabsKy1ZhQ3THY$h88HbZFIFTUJbEbPi/V9oxRivnhb2BwJB4grma9sqIc=", "last_login": "2025-08-25T13:12:00.982Z", "is_superuser": false, "is_staff": false, "is_active": true, "date_joined": "2025-08-13T09:57:36Z", "email": "dineshkumar630186@gmail.com", "profile_image": "", "mobile_number": null, "first_name": "RAJ", "last_name": "KUMAR", "is_doctor": false, "is_patient": true, "is_clinic": false, "groups": [], "user_permissions": []}}, {"model": "pharmacy.user", "fields": {"password": "pbkdf2_sha256$1000000$91DFkQ6bhjZ7ectIKLZaHR$ES51aDSiLpYQEOl8TSSd4YxZ4YLtDGc4FleuRop+wTM=", "last_login": "2025-08-19T04:50:07.388Z", "is_superuser": false, "is_staff": false, "is_active": true, "date_joined": "2025-08-19T04:49:28.690Z", "email": "bloggerdineshkumar@gmail.com", "profile_image": "", "mobile_number": null, "first_name": "Krihna", "last_name": "Kumar", "is_doctor": false, "is_patient": true, "is_clinic": false, "groups": [], "user_permissions": []}}, {"model": "pharmacy.user", "fields": {"password": "pbkdf2_sha256$1000000$p9N5GCxV1Wt1V5RYVbJTH6$1cJFeOtqWnJ2SpcgPb9gmluJrIaUylLFjsJuKIn3Wqo=", "last_login": "2025-08-23T08:45:46.154Z", "is_superuser": false, "is_staff": false, "is_active": true, "date_joined": "2025-08-23T08:45:40.702Z", "email": "vishnu@gmail.com", "profile_image": "", "mobile_number": null, "first_name": "VISHNU", "last_name": "A", "is_doctor": false, "is_patient": true, "is_clinic": false, "groups": [], "user_permissions": []}}, {"model": "pharmacy.user", "fields": {"password": "pbkdf2_sha256$1000000$UmZvtoF0MWjZ1EghMS2Qtw$gxB4LzsQ/Kc6ruxjJLZ7PVeYEyHjKTS9Jz4nUHHeuDg=", "last_login": "2025-12-23T07:16:33.284Z", "is_superuser": false, "is_staff": false, "is_active": true, "date_joined": "2025-12-20T05:08:54.186Z", "email": "kalyan@gmail.com", "profile_image": "", "mobile_number": null, "first_name": "kalyan", "last_name": "kumar", "is_doctor": false, "is_patient": true, "is_clinic": false, "groups": [], "user_permissions": []}}, {"model": "pharmacy.doctor", "pk": 1, "fields": {"user": ["dk967427@gmail.com"], "doctor_id": "DOC-002664", "qualification": "MBBS", "experience_years": 0, "specialization": "GENERAL SURGEON", "mobile_number": "6301861405", "gender": "Male", "date_of_birth": "2002-10-18", "consultation_fee": "0.00", "biography": "A General Surgeon is a medical doctor who specializes in performing surgical procedures to treat a wide range of conditions affecting various parts of the body. Their expertise covers surgeries involving the abdomen (such as appendix, gallbladder, hernia), breast, skin, soft tissues, and sometimes emergency trauma cases.", "specialities_description": "", "Address1": "YELLAREDDYGUDA", "Address2": "HYDERABAD", "city": "HYDERABAD", "state": "TELANAGANA", "zip_code": "500001", "country": "INDIA", "profile_image": "profile_pics/ai-generated-8655320_1280_nHIwFBd.png", "facebook_url": "https://www.facebook.com/yourpage", "twitter_url": "https://www.twitter.com/yourprofile", "google_plus_url": "https://plus.google.com/yourprofile", "instagram_url": "https://www.ininstagram.com/yourprofile", "created_at": "2025-08-13T09:26:52.642Z", "updated_at": "2025-08-13T09:39:57.332Z", "is_featured": false, "total_reviews": 0, "average_rating": "0.00", "is_verified": false, "is_available": true, "review_count": 0, "location": null, "clinics": [1]}}, {"model": "pharmacy.clinic", "pk": 1, "fields": {"user": null, "admin": ["apollo@gmail.com"], "doctor": null, "name": "APOLLO HOSPITALS", "address": "YELLAREDDYGUDA", "phone": "1234567890", "email": "apollo@gmail.com", "fax": "123456789", "website": "https://apollohospitals.com", "city": null, "description": "Apollo Hospitals is a leading integrated healthcare provider in Asia, known for its vast network of hospitals, pharmacies, and clinics", "tagline": "Where Expertise Meets Compassion", "image": "clinic_images/clinic06.jpg", "gallery_images": [], "overview": "", "specifications": ["24/7 Emergency Services,", "In-House Pharmacy,", "Advanced Diagnostic,", "Lab,", "Wheelchair Accessibility  ,", "Online Appointment Booking,", "Multilingual Staff,", "Cashless Insurance Facility ,", "Air-Conditioned Waiting Area,", "Specialist Consultations,", "Telemedicine Support"], "services": [{"name": "", "price": "0", "description": ""}], "awards": ["Best Multi-Specialty Clinic – 2023", "Satisfaction Excellence Award – 2022", "NABH Accreditation – 2021", "ISO 9001:2015 Certified – 2020"], "about": "A clinic is a healthcare facility focused on outpatient care, meaning patients receive treatment and return home the same day. Clinics differ from hospitals in that they don't typically offer overnight stays or emergency care and often specialize in specific areas of medicine.", "working_hours": "MON-SAT :10AM-07PM", "map_lat": null, "map_lng": null, "map_marker": "", "facebook": "https://facebook.com/apollohospitals\"", "instagram": "https://instgram.com/apollohospitals\"", "twitter": "https://twitter.com/apollohospitals\"", "google_plus": "https://plus.google.com/dummyclinic"}}, {"model": "pharmacy.branch", "pk": 1, "fields": {"clinic": 1, "name": "banajarahills", "address": "11324", "phone": "32424", "map_link": "https://www.google.com/maps?q=banajarhills"}}, {"model": "pharmacy.galleryimage", "pk": 1, "fields": {"clinic": 1, "image": "clinic_gallery/download_2.jpeg", "uploaded_at": "2025-08-13T06:28:49.079Z"}}, {"model": "pharmacy.galleryimage", "pk": 2, "fields": {"clinic": 1, "image": "clinic_gallery/apollo-clinic-hyderabad-666d4610841d8.webp", "uploaded_at": "2025-08-13T06:28:49.099Z"}}, {"model": "pharmacy.education", "pk": 1, "fields": {"doctor": 1, "degree": "MBBS", "institute": "JNTUH", "passing_year": null}}, {"model": "pharmacy.experience", "pk": 1, "fields": {"doctor": 1, "hospital_name": "APOLLO HOSPITALS", "designation": "GENERAL SURGEON", "from_date": "2019-02-02", "to_date": "2025-08-02"}}, {"model": "pharmacy.service", "pk": 1, "fields": {"doctor": 1, "name": "CHECK UP`", "price": "200.00", "description": ""}}, {"model": "pharmacy.service", "pk": 2, "fields": {"doctor": 1, "name": "FOLLOW -UP ", "price": "150.00", "description": ""}}, {"model": "pharmacy.service", "pk": 3, "fields": {"doctor": 1, "name": "EMERGENCY", "price": "500.00", "description": ""}}, {"model": "pharmacy.award", "pk": 1, "fields": {"doctor": 1, "name": "Best Surgeon Award", "year": 2021}}, {"model": "pharmacy.speciality", "pk": 1, "fields": {"doctor": 1, "name": "General Surgery"}}, {"model": "pharmacy.patient", "pk": 1, "fields": {"user": ["dineshkumar630186@gmail.com"], "doctor": null, "email": "dineshkumar630186@gmail.com", "city": null, "zip_code": null, "first_name": "RAJ", "last_name": "KUMAR", "patient_id": "PAT-535405", "age": 23, "gender": "Male", "blood_group": "A+", "marital_status": "Single", "date_of_birth": "2002-02-18", "address": "hyderabad", "mobile_number": "01234456789", "doctor_note": "", "profile_image": "profile_pics/download.jpg", "status": "Offline", "created_at": "2025-08-13T09:57:37.305Z", "updated_at": "2025-08-13T10:00:55.088Z", "location": "HYDERABAD"}}, {"model": "pharmacy.patient", "pk": 2, "fields": {"user": ["bloggerdineshkumar@gmail.com"], "doctor": null, "email": "bloggerdineshkumar@gmail.com", "city": null, "zip_code": null, "first_name": "Krihna", "last_name": "Kumar", "patient_id": "PAT-692625", "age": 23, "gender": "Male", "blood_group": "B+", "marital_status": null, "date_of_birth": null, "address": "YELLAREDDYGUDA", "mobile_number": "1234567890", "doctor_note": "", "profile_image": "profile_pics/download_Ti0qRrw.jpg", "status": "Offline", "created_at": "2025-08-19T04:49:29.918Z", "updated_at": "2025-08-22T09:16:48.182Z", "location": null}}, {"model": "pharmacy.patient", "pk": 3, "fields": {"user": ["vishnu@gmail.com"], "doctor": null, "email": null, "city": null, "zip_code": null, "first_name": null, "last_name": null, "patient_id": "PAT-869507", "age": null, "gender": "", "blood_group": "", "marital_status": null, "date_of_birth": null, "address": null, "mobile_number": null, "doctor_note": "", "profile_image": "", "status": "Offline", "created_at": "2025-08-23T08:45:41.359Z", "updated_at": "2025-08-23T08:45:41.359Z", "location": null}}, {"model": "pharmacy.patient", "pk": 4, "fields": {"user": ["kalyan@gmail.com"], "doctor": null, "email": null, "city": null, "zip_code": null, "first_name": null, "last_name": null, "patient_id": "PAT-474593", "age": null, "gender": "", "blood_group": "", "marital_status": null, "date_of_birth": null, "address": null, "mobile_number": null, "doctor_note": "", "profile_image": "", "status": "Offline", "created_at": "2025-12-20T05:08:54.708Z", "updated_at": "2025-12-20T05:08:54.709Z", "location": null}}, {"model": "pharmacy.patientsociallinks", "pk": 1, "fields": {"patient": 1, "facebook": "https://developers.facewebook.com/", "twitter": "https://developers.twitter.com", "linkedin": "https://developers.linkedln.com", "instagram": "https://www.instgram.com/dummyclinic", "updated_at": "2025-08-13T10:00:55.089Z"}}, {"model": "pharmacy.patientsociallinks", "pk": 2, "fields": {"patient": 2, "facebook": "https://developers.facewebook.com/", "twitter": "https://developers.twitter.com", "linkedin": "https://developers.linkedln.com", "instagram": "https://www.instgram.com/dummyclinic", "updated_at": "2025-08-19T04:51:48.161Z"}}, {"model": "pharmacy.timeslot", "pk": 1, "fields": {"doctor": 1, "day_of_week": "Monday", "start_time": "10:00:00", "end_time": "19:00:00", "is_available": true}}, {"model": "pharmacy.timeslot", "pk": 2, "fields": {"doctor": 1, "day_of_week": "Tuesday", "start_time": "10:00:00", "end_time": "19:00:00", "is_available": true}}, {"model": "pharmacy.timeslot", "pk": 3, "fields": {"doctor": 1, "day_of_week": "Wednesday", "start_time": "10:00:00", "end_time": "19:00:00", "is_available": true}}, {"model": "pharmacy.timeslot", "pk": 4, "fields": {"doctor": 1, "day_of_week": "Thursday", "start_time": "10:00:00", "end_time": "19:00:00", "is_available": true}}, {"model": "pharmacy.timeslot", "pk": 5, "fields": {"doctor": 1, "day_of_week": "Friday", "start_time": "10:00:00", "end_time": "19:00:00", "is_available": true}}, {"model": "pharmacy.timeslot", "pk": 6, "fields": {"doctor": 1, "day_of_week": "Saturday", "start_time": "10:00:00", "end_time": "19:00:00", "is_available": true}}, {"model": "pharmacy.doctorlisting", "pk": 1, "fields": {"doctor": 1, "treatment": "CHECK UP`", "price": "200.00"}}, {"model": "pharmacy.doctorlisting", "pk": 2, "fields": {"doctor": 1, "treatment": "FOLLOW -UP ", "price": "150.00"}}, {"model": "pharmacy.doctorlisting", "pk": 3, "fields": {"doctor": 1, "treatment": "EMERGENCY", "price": "500.00"}}, {"model": "pharmacy.cliniclisting", "pk": 1, "fields": {"clinic": 1, "treatment": "CHECK UP", "price": "200.00"}}, {"model": "pharmacy.cliniclisting", "pk": 2, "fields": {"clinic": 1, "treatment": "EMERGENCY", "price": "500.00"}}, {"model": "pharmacy.cliniclisting", "pk": 3, "fields": {"clinic": 1, "treatment": "FOLLOW-UP", "price": "150.00"}}, {"model": "pharmacy.clinicservice", "pk": 1, "fields": {"clinic": 1, "name": "CHECK UP", "price": "200.00"}}, {"model": "pharmacy.clinicservice", "pk": 2, "fields": {"clinic": 1, "name": "EMERGENCY", "price": "500.00"}}, {"model": "pharmacy.clinicservice", "pk": 3, "fields": {"clinic": 1, "name": "FOLLOW-UP", "price": "150.00"}}, {"model": "pharmacy.bloodbank", "pk": 1, "fields": {"name": "APOLLO HOSPITALS", "registration_number": "1234567890", "contact_person": "DINESH", "designation": "ADMINISTRATION", "primary_phone": "1234567889", "secondary_phone": "1234567876", "emergency_phone": "2343567532", "email": "apollo@gmail.com", "website": "https://apollohospitals.com", "street_address": "YELLAREDDDYGUDA", "city": "HYDERABAD", "state": "TELANGANA", "pin_code": "500001", "map_link": "https://www.google.com/maps?q=banajarhills", "operating_hours_weekday": "9:00 AM - 5:00 PM", "operating_hours_weekend": "9:00 AM - 2:00 PM", "is_24x7": true, "emergency_service": true, "mobile_donation_camps": true, "home_collection": true, "appointment_required": true, "services": ["collection", "testing", "storage", "distribution", "screening", "components"], "certifications": "ISO 9001:2015 Quality Management Certification\r\n\r\nNational Blood Transfusion Council (NBTC) Affiliation\r\n\r\nWorld Health Organization (WHO) Blood Safety Standards Compliance", "affiliated_hospitals": "City Care Multi-Specialty Hospital\r\n\r\nSunrise Medical Centre\r\n\r\nGlobal Health & Research Institute", "profile_image": "bloodbank_images/771166144_blood_bank_demo.jpg", "facility_images": "bloodbank_images/male-female-blood-donors-sitting-600nw-2419109643.webp", "is_active": true, "is_verified": true, "created_at": "2025-08-13T06:42:49.628Z", "updated_at": "2025-08-13T06:42:49.628Z", "facebook_url": "https://www.facebook.com/yourpage", "twitter_url": "https://www.twitter.com/yourprofile", "instagram_url": "https://www.ininstagram.com/yourprofile", "special_instructions": "", "user": ["apollo@gmail.com"]}}, {"model": "pharmacy.bloodinventory", "pk": 1, "fields": {"blood_bank": 1, "blood_group": "A+", "component_type": "whole_blood", "quantity": 37, "collection_date": "2025-08-13", "batch_number": "1", "testing_status": "tested", "stock_status": "available", "last_updated": "2025-08-13T08:43:08.167Z"}}, {"model": "pharmacy.bloodinventory", "pk": 2, "fields": {"blood_bank": 1, "blood_group": "A-", "component_type": "whole_blood", "quantity": 17, "collection_date": "2025-08-13", "batch_number": "2", "testing_status": "pending", "stock_status": "available", "last_updated": "2025-08-13T08:33:18.001Z"}}, {"model": "pharmacy.bloodinventory", "pk": 3, "fields": {"blood_bank": 1, "blood_group": "B+", "component_type": "whole_blood", "quantity": 3, "collection_date": "2025-08-13", "batch_number": "3", "testing_status": "pending", "stock_status": "available", "last_updated": "2025-08-13T08:33:52.387Z"}}, {"model": "pharmacy.bloodinventory", "pk": 4, "fields": {"blood_bank": 1, "blood_group": "B-", "component_type": "whole_blood", "quantity": 14, "collection_date": "2025-08-13", "batch_number": "21", "testing_status": "approved", "stock_status": "available", "last_updated": "2025-09-02T05:43:14.891Z"}}, {"model": "pharmacy.bloodinventory", "pk": 5, "fields": {"blood_bank": 1, "blood_group": "AB+", "component_type": "whole_blood", "quantity": 12, "collection_date": "2025-08-13", "batch_number": "5", "testing_status": "pending", "stock_status": "available", "last_updated": "2025-08-13T08:35:15.659Z"}}, {"model": "pharmacy.bloodinventory", "pk": 6, "fields": {"blood_bank": 1, "blood_group": "AB-", "component_type": "whole_blood", "quantity": 18, "collection_date": "2025-09-13", "batch_number": "6", "testing_status": "pending", "stock_status": "available", "last_updated": "2025-08-13T08:36:05.109Z"}}, {"model": "pharmacy.bloodinventory", "pk": 7, "fields": {"blood_bank": 1, "blood_group": "O+", "component_type": "whole_blood", "quantity": 12, "collection_date": "2025-08-13", "batch_number": "7", "testing_status": "pending", "stock_status": "available", "last_updated": "2025-08-13T08:36:37.147Z"}}, {"model": "pharmacy.bloodinventory", "pk": 8, "fields": {"blood_bank": 1, "blood_group": "O-", "component_type": "whole_blood", "quantity": 12, "collection_date": "2025-06-13", "batch_number": "8", "testing_status": "pending", "stock_status": "available", "last_updated": "2025-08-13T08:36:58.212Z"}}, {"model": "pharmacy.bloodrequest", "pk": 1, "fields": {"requested_by": ["apollo@gmail.com"], "blood_bank": 1, "hospital_name": "APOLLO HOSPITALS", "patient_name": "RAJ KUMAR", "blood_group": "A+", "component_type": "whole_blood", "quantity_needed": 1, "urgency_level": "high", "required_date": "2025-08-23", "medical_reason": "operation", "doctor_name": "XXXX", "status": "pending", "notes": "xxxx", "created_at": "2025-08-22T05:13:44.167Z", "updated_at": "2025-08-22T05:13:44.167Z"}}, {"model": "pharmacy.donorrecord", "pk": 1, "fields": {"blood_bank": 1, "donor_name": "Raj Kumar", "donor_phone": "123456", "donor_email": "dineshkumar630186@gmail.com", "blood_group": "A+", "age": 23, "weight": "68.00", "last_donation_date": "2024-01-18", "donation_count": 3, "donor_status": "available", "medical_history": "dsfds", "emergency_contact": "1234567", "created_at": "2025-08-13T10:15:00.128Z", "updated_at": "2025-09-02T05:43:41.428Z", "requested_by": ["dineshkumar630186@gmail.com"]}}, {"model": "pharmacy.blooddispatch", "pk": 1, "fields": {"blood_bank": 1, "blood_group": "A+", "quantity": 1, "recipient_name": "dinesh", "purpose": "hjhbhj", "dispatched_at": "2025-08-13T08:43:08.185Z"}}, {"model": "pharmacy.testcategory", "pk": 1, "fields": {"name": "Pathology Tests", "description": "Pathology tests involve the examination of blood, urine, tissues, and other body samples to detect diseases, monitor health conditions, and guide treatment. These tests can include routine screenings (like complete blood count), infection detection, and advanced molecular diagnostics. They are essential for accurate diagnosis, early disease detection, and monitoring treatment effectiveness.", "type": "test"}}, {"model": "pharmacy.testcategory", "pk": 2, "fields": {"name": "Radiology & Imaging", "description": "Radiology and imaging involve the use of advanced technology to capture detailed images of the body’s internal structures for diagnosis, monitoring, and treatment planning. Techniques such as X-rays, MRI, CT scans, and ultrasounds help detect injuries, monitor diseases, guide surgeries, and evaluate treatment effectiveness, often without the need for invasive procedures.", "type": "test"}}, {"model": "pharmacy.testcategory", "pk": 3, "fields": {"name": "Radiology & Imaging", "description": "Radiology and imaging involve the use of advanced technology to capture detailed images of the body’s internal structures for diagnosis, monitoring, and treatment planning. Techniques such as X-rays, MRI, CT scans, and ultrasounds help detect injuries, monitor diseases, guide surgeries, and evaluate treatment effectiveness, often without the need for invasive procedures.", "type": "package"}}, {"model": "pharmacy.diagnostictest", "pk": 1, "fields": {"category": 1, "name": "Complete Blood Count (CBC)", "test_code": "PT001", "description": "Measures various components of blood to assess overall health and detect a variety of disorders.", "parameters_included": "Hemoglobin, WBC count, RBC count, Platelets, Hematocrit", "sample_type": "blood", "fasting_required": "optional", "original_price": "500.00", "discounted_price": "350.00", "duration_hours": 24, "is_active": true, "is_package": false, "created_at": "2025-08-13T08:47:13.837Z", "updated_at": "2025-08-13T08:47:13.837Z"}}, {"model": "pharmacy.diagnostictest", "pk": 2, "fields": {"category": 1, "name": "Urine Routine & Microscopy", "test_code": "PT002", "description": "Analyzes urine to detect metabolic, kidney, or urinary tract disorders.", "parameters_included": "Color, Specific gravity, pH, Protein, Glucose, Microscopic sediment examination", "sample_type": "blood", "fasting_required": "optional", "original_price": "500.00", "discounted_price": "350.00", "duration_hours": 24, "is_active": true, "is_package": false, "created_at": "2025-08-13T08:48:41.252Z", "updated_at": "2025-08-13T08:48:41.252Z"}}, {"model": "pharmacy.diagnostictest", "pk": 3, "fields": {"category": 1, "name": "Tissue Biopsy Examination", "test_code": "PT003", "description": "Examines tissue samples under a microscope to detect cancer, infections, or other diseases.", "parameters_included": "Histopathology, Special staining, Microscopic evaluation", "sample_type": "Tissue", "fasting_required": "optional", "original_price": "2500.00", "discounted_price": "2000.00", "duration_hours": 24, "is_active": true, "is_package": false, "created_at": "2025-08-13T08:52:49.118Z", "updated_at": "2025-08-13T08:52:49.118Z"}}, {"model": "pharmacy.diagnostictest", "pk": 4, "fields": {"category": 2, "name": "X-ray Chest", "test_code": "RI001", "description": "Uses low-dose X-ray technology to capture images of the chest, helping diagnose lung, heart, and chest wall conditions.", "parameters_included": "Chest image (PA & lateral views)", "sample_type": "Not Specified", "fasting_required": "optional", "original_price": "500.00", "discounted_price": "400.00", "duration_hours": 24, "is_active": true, "is_package": false, "created_at": "2025-08-13T08:59:20.196Z", "updated_at": "2025-08-13T08:59:20.196Z"}}, {"model": "pharmacy.diagnostictest", "pk": 5, "fields": {"category": 2, "name": "MRI BRAIN", "test_code": "RI002", "description": "Uses magnetic fields and radio waves to create detailed images of brain tissues and structures, useful in diagnosing strokes, tumors, and neurological disorders.", "parameters_included": "Brain MRI sequences (T1, T2, FLAIR, DWI, etc.)", "sample_type": "Not Specified", "fasting_required": "optional", "original_price": "5000.00", "discounted_price": "4000.00", "duration_hours": 24, "is_active": true, "is_package": false, "created_at": "2025-08-13T09:00:20.327Z", "updated_at": "2025-08-13T09:00:20.327Z"}}, {"model": "pharmacy.diagnostictest", "pk": 6, "fields": {"category": 2, "name": "CT Abdomen", "test_code": "RI003", "description": "Uses X-ray and computer technology to create detailed cross-sectional images of the abdominal organs for diagnosis of tumors, infections, or injuries.", "parameters_included": "Axial, coronal, and sagittal abdominal images", "sample_type": "Not Specified", "fasting_required": "optional", "original_price": "4000.00", "discounted_price": "3500.00", "duration_hours": 24, "is_active": true, "is_package": false, "created_at": "2025-08-13T09:03:10.254Z", "updated_at": "2025-08-13T09:03:10.254Z"}}, {"model": "pharmacy.diagnostictest", "pk": 7, "fields": {"category": 2, "name": "Ultrasound Pelvis", "test_code": "RI004", "description": "Uses high-frequency sound waves to visualize pelvic organs, commonly used in gynecology, urology, and pregnancy assessments.", "parameters_included": "Real-time pelvic organ images (uterus, ovaries, bladder, etc.)", "sample_type": "Not Specified", "fasting_required": "optional", "original_price": "2000.00", "discounted_price": "1500.00", "duration_hours": 24, "is_active": true, "is_package": false, "created_at": "2025-08-13T09:05:19.583Z", "updated_at": "2025-08-13T09:05:19.583Z"}}, {"model": "pharmacy.diagnostictest", "pk": 8, "fields": {"category": 3, "name": "Trauma Screening Package", "test_code": "RIP001", "description": "A combined imaging package designed to quickly assess trauma patients for fractures, internal injuries, and organ damage.", "parameters_included": "X-ray Chest, CT Abdomen, Ultrasound Pelvis", "sample_type": "Not Specified", "fasting_required": "optional", "original_price": "6000.00", "discounted_price": "5200.00", "duration_hours": 24, "is_active": true, "is_package": true, "created_at": "2025-08-13T09:09:36.491Z", "updated_at": "2025-08-13T09:09:36.491Z"}}, {"model": "pharmacy.diagnostictest", "pk": 9, "fields": {"category": 3, "name": "Pregnancy Imaging Package RIP002", "test_code": "RIP002", "description": "A set of imaging tests to monitor fetal growth, maternal health, and pregnancy progress", "parameters_included": "Ultrasound Pelvis, Doppler Ultrasound", "sample_type": "Not Specified", "fasting_required": "optional", "original_price": "2500.00", "discounted_price": "2200.00", "duration_hours": 24, "is_active": true, "is_package": true, "created_at": "2025-08-13T09:10:41.868Z", "updated_at": "2025-08-13T09:10:41.868Z"}}, {"model": "pharmacy.diagnostictest", "pk": 10, "fields": {"category": 3, "name": "Full Body Imaging Package", "test_code": "RIP003", "description": "A comprehensive imaging package for preventive health check-ups, detecting hidden diseases and structural abnormalities.", "parameters_included": "MRI Brain, X-ray Chest, Ultrasound Abdomen & Pelvis", "sample_type": "Not Specified", "fasting_required": "optional", "original_price": "8500.00", "discounted_price": "8000.00", "duration_hours": 24, "is_active": true, "is_package": true, "created_at": "2025-08-13T09:11:39.583Z", "updated_at": "2025-08-13T09:11:39.583Z"}}, {"model": "pharmacy.cart", "pk": 1, "fields": {"user": ["dineshkumar630186@gmail.com"], "session_key": "5xs518gmnqz85bspug10lfxkdpp6zbhx", "created_at": "2025-08-13T10:20:25.990Z"}}, {"model": "pharmacy.cart", "pk": 2, "fields": {"user": ["bloggerdineshkumar@gmail.com"], "session_key": null, "created_at": "2025-08-19T06:06:22.315Z"}}, {"model": "pharmacy.cart", "pk": 3, "fields": {"user": ["apollo@gmail.com"], "session_key": null, "created_at": "2025-08-21T09:07:15.456Z"}}, {"model": "pharmacy.cart", "pk": 4, "fields": {"user": ["dk967427@gmail.com"], "session_key": "wqiu7kl0cvavsvfwcngug153923fohjw", "created_at": "2025-08-21T09:36:28.403Z"}}, {"model": "pharmacy.cart", "pk": 5, "fields": {"user": ["kalyan@gmail.com"], "session_key": null, "created_at": "2025-12-20T06:08:49.042Z"}}, {"model": "pharmacy.cartitem", "pk": 3, "fields": {"cart": 1, "content_type": ["pharmacy", "diagnostictest"], "object_id": 1, "quantity": 1, "preferred_date": null, "preferred_time": null, "notes": null}}, {"model": "pharmacy.cartitem", "pk": 5, "fields": {"cart": 4, "content_type": ["pharmacy", "product"], "object_id": 2, "quantity": 1, "preferred_date": null, "preferred_time": null, "notes": null}}, {"model": "pharmacy.medicinecategory", "pk": 1, "fields": {"clinic": 1, "name": "Antibiotics", "slug": "antibiotics", "description": "Medicines that kill or stop the growth of bacteria, used to treat bacterial infections.", "image": "medicine_categories/Top-10-Antibiotic-Manufacturing-Companies-In-India-300x181_vDDHM0M.png", "created_at": "2025-08-13T09:13:45.120Z", "updated_at": "2025-08-13T09:13:45.120Z"}}, {"model": "pharmacy.medicinecategory", "pk": 2, "fields": {"clinic": 1, "name": "Analgesics (Pain Relievers)", "slug": "analgesics-pain-relievers", "description": "Medicines that reduce or relieve pain without causing loss of consciousness.", "image": "medicine_categories/pain-relief.jpg", "created_at": "2025-08-13T09:16:14.686Z", "updated_at": "2025-08-13T09:16:14.686Z"}}, {"model": "pharmacy.medicinecategory", "pk": 3, "fields": {"clinic": 1, "name": "Antipyretics", "slug": "antipyretics", "description": "Medicines that help reduce fever and provide comfort during infections.", "image": "medicine_categories/160693-antipyretic.webp", "created_at": "2025-08-13T09:17:07.443Z", "updated_at": "2025-08-13T09:17:07.443Z"}}, {"model": "pharmacy.product", "pk": 1, "fields": {"clinic": null, "category": 1, "name": "Amoxicillin 500mg Capsules", "description": "Broad-spectrum antibiotic used to treat bacterial infections such as pneumonia, ear infections, and throat infections.", "price": "120.00", "discount_price": "100.00", "image": "products/amoxicillin-capsules-051.jpg", "stock_quantity": 50, "in_stock": true, "created_at": "2025-08-13T09:20:14.634Z", "updated_at": "2025-08-13T09:20:14.634Z"}}, {"model": "pharmacy.product", "pk": 2, "fields": {"clinic": null, "category": 2, "name": "Paracetamol 500mg Tablets", "description": "Common pain reliever and fever reducer, suitable for headaches, muscle pain, and mild arthritis pain.", "price": "40.00", "discount_price": "30.00", "image": "products/download.jpeg", "stock_quantity": 98, "in_stock": true, "created_at": "2025-08-13T09:21:36.611Z", "updated_at": "2025-12-20T06:12:06.668Z"}}, {"model": "pharmacy.product", "pk": 3, "fields": {"clinic": null, "category": 3, "name": "Ibuprofen 200mg Tablets", "description": "Nonsteroidal anti-inflammatory drug (NSAID) that reduces fever, pain, and inflammation in various conditions.", "price": "60.00", "discount_price": "50.00", "image": "products/Ibuprofen-400_Gytb50f.jpg", "stock_quantity": 50, "in_stock": true, "created_at": "2025-08-13T09:25:01.808Z", "updated_at": "2025-08-13T09:25:01.808Z"}}, {"model": "admin.logentry", "pk": 1, "fields": {"action_time": "2025-08-13T09:59:16.824Z", "user": ["apollo@gmail.com"], "content_type": ["pharmacy", "user"], "object_id": "1", "object_repr": "apollo@gmail.com", "action_flag": 2, "change_message": "[]"}}, {"model": "admin.logentry", "pk": 2, "fields": {"action_time": "2025-08-13T09:59:26.394Z", "user": ["apollo@gmail.com"], "content_type": ["pharmacy", "user"], "object_id": "3", "object_repr": "dineshkumar630186@gmail.com", "action_flag": 2, "change_message": "[{\"changed\": {\"fields\": [\"Email address\"]}}]"}}, {"model": "admin.logentry", "pk": 3, "fields": {"action_time": "2025-08-21T12:04:59.242Z", "user": ["apollo@gmail.com"], "content_type": ["pharmacy", "appointment"], "object_id": "6", "object_repr": "Appointment with Dr. None", "action_flag": 3, "change_message": ""}}, {"model": "admin.logentry", "pk": 4, "fields": {"action_time": "2025-08-21T12:04:59.242Z", "user": ["apollo@gmail.com"], "content_type": ["pharmacy", "appointment"], "object_id": "5", "object_repr": "Appointment with Dr. None", "action_flag": 3, "change_message": ""}}, {"model": "admin.logentry", "pk": 5, "fields": {"action_time": "2025-08-21T12:04:59.242Z", "user": ["apollo@gmail.com"], "content_type": ["pharmacy", "appointment"], "object_id": "3", "object_repr": "Appointment with Dr. None", "action_flag": 3, "change_message": ""}}, {"model": "admin.logentry", "pk": 6, "fields": {"action_time": "2025-08-25T09:05:45.876Z", "user": ["apollo@gmail.com"], "content_type": ["pharmacy", "appointment"], "object_id": "5", "object_repr": "RAJ KUMAR with Dr. DINESH KUMAR on 2025-08-25 11:00 - Pending", "action_flag": 2, "change_message": "[{\"changed\": {\"fields\": [\"Time slot\", \"Time\"]}}]"}}, {"model": "admin.logentry", "pk": 7, "fields": {"action_time": "2025-08-25T09:06:01.927Z", "user": ["apollo@gmail.com"], "content_type": ["pharmacy", "appointment"], "object_id": "5", "object_repr": "RAJ KUMAR with Dr. DINESH KUMAR on 2025-08-25 17:00 - Pending", "action_flag": 2, "change_message": "[{\"changed\": {\"fields\": [\"Appointment datetime\"]}}]"}}]